{"rmsle_test": 0.4644754697931868, "rmsle_train": 0.41945678866653674, "r2_test": 0.7012880527184298, "r2_train": 0.8732835704735222}